Checkpoint-1,0
Checkpoint-1,0
Checkpoint-1,0
Checkpoint-1,0
Checkpoint-1,0
Checkpoint-1,24
Checkpoint-1,24
Checkpoint-1 (1),25
Checkpoint-1 (1),26
Checkpoint-1,28
Checkpoint-1,29
Checkpoint-1,29
Checkpoint-1,29
Checkpoint-1,29
Checkpoint-1,30
Checkpoint-1 (1),41
Checkpoint-1 (1),42
Checkpoint-1 (2),42
Checkpoint-1 (2),42
Checkpoint-1 (1),44
Checkpoint-1 (1),45
Checkpoint-1 (1),45
Checkpoint-1 (1),45
Checkpoint-1 (1),45
Checkpoint-1 (2),36
Checkpoint-1 (2),36
Checkpoint-1 (3),36
Checkpoint-1 (3),35
Checkpoint-1 (2),33
Checkpoint-1 (2),32
Checkpoint-1 (2),32
Checkpoint-1 (2),32
Checkpoint-1 (2),32
Checkpoint-1 (3),28
Checkpoint-1 (3),28
Checkpoint-1 (4),28
Checkpoint-1 (4),29
Checkpoint-1 (3),31
Checkpoint-1 (3),32
Checkpoint-1 (3),32
Checkpoint-1 (3),32
Checkpoint-1 (3),32
Checkpoint-1 (4),44
Checkpoint-1 (4),44
Checkpoint-1 (5),44
Checkpoint-1 (5),46
Checkpoint-1 (4),46
Checkpoint-1 (4),47
Checkpoint-1 (4),47
Checkpoint-1 (4),47
Checkpoint-1 (4),47
Checkpoint-1 (5),55
Checkpoint-1 (5),55
Checkpoint-1 (6),56
Checkpoint-1 (5),57
Checkpoint-1 (5),58
Checkpoint-1 (5),58
Checkpoint-1 (5),58
Checkpoint-1 (5),58
Checkpoint-1 (6),58
Checkpoint-1 (6),51
Checkpoint-1 (6),51
Checkpoint-1 (7),51
Checkpoint-1 (6),49
Checkpoint-1 (7),49
Checkpoint-1 (6),48
Checkpoint-1 (6),48
Checkpoint-1 (6),48
Checkpoint-1 (6),48
Checkpoint-1 (7),38
Checkpoint-1 (7),38
Checkpoint-1 (8),37
Checkpoint-1 (7),40
Checkpoint-1 (7),40
Checkpoint-1 (7),40
Checkpoint-1 (7),40
Checkpoint-1 (7),40
Checkpoint-1 (8),41
Checkpoint-1 (8),50
Checkpoint-1 (8),50
Checkpoint-1 (9),50
Checkpoint-1 (8),52
Checkpoint-1 (8),53
Checkpoint-1 (8),53
Checkpoint-1 (8),53
Checkpoint-1 (8),53
Checkpoint-1 (9),53
Checkpoint-1 (9),60
Checkpoint-1 (9),60
Checkpoint-1 (10),60
Checkpoint-1 (9),62
Checkpoint-1 (9),62
Checkpoint-1 (9),62
Checkpoint-1 (9),62
Checkpoint-1 (9),63
Checkpoint-1 (9),63
Checkpoint-1 (10),64
Checkpoint-1 (10),69
Checkpoint-1 (10),69
Checkpoint-1 (11),69
Checkpoint-1 (10),71
Checkpoint-1 (10),71
Checkpoint-1 (10),71
Checkpoint-1 (10),71
Checkpoint-1 (10),71
Checkpoint-1 (11),72
Checkpoint-1 (11),77
Checkpoint-1 (11),77
Checkpoint-1 (12),77
Checkpoint-1 (11),78
Checkpoint-1 (11),79
Checkpoint-1 (11),79
Checkpoint-1 (11),79
Checkpoint-1 (11),79
Checkpoint-1 (12),79
Checkpoint-1 (12),82
Checkpoint-1 (12),82
Checkpoint-1 (13),82
Checkpoint-1 (12),81
Checkpoint-1 (12),80
Checkpoint-1 (12),80
Checkpoint-1 (12),80
Checkpoint-1 (12),80
Checkpoint-1 (12),80
Checkpoint-1 (12),80
Checkpoint-1 (13),79
Checkpoint-1 (13),74
Checkpoint-1 (13),74
Checkpoint-1 (14),74
Checkpoint-1 (13),73
Checkpoint-1 (13),72
Checkpoint-1 (13),72
Checkpoint-1 (13),72
Checkpoint-1 (13),72
Checkpoint-1 (14),71
Checkpoint-1 (14),66
Checkpoint-1 (14),66
Checkpoint-1 (15),65
Checkpoint-1 (14),64
Checkpoint-1 (14),63
Checkpoint-1 (14),63
Checkpoint-1 (14),63
Checkpoint-1 (14),63
Checkpoint-1 (15),60
Checkpoint-1 (15),56
Checkpoint-1 (15),56
Checkpoint-1 (16),56
Checkpoint-1 (15),54
Checkpoint-1 (15),53
Checkpoint-1 (15),53
Checkpoint-1 (15),53
Checkpoint-1 (15),53
Checkpoint-1 (16),50
Checkpoint-1 (16),44
Checkpoint-1 (16),44
Checkpoint-1 (17),43
Checkpoint-1 (16),41
Checkpoint-1 (16),42
Checkpoint-1 (16),42
Checkpoint-1 (16),42
Checkpoint-1 (16),42
Checkpoint-1 (16),42
Checkpoint-1 (17),44
Checkpoint-1 (17),51
Checkpoint-1 (17),51
Checkpoint-1 (18),51
Checkpoint-1 (17),53
Checkpoint-1 (17),54
Checkpoint-1 (17),54
Checkpoint-1 (17),54
Checkpoint-1 (17),54
Checkpoint-1 (18),56
Checkpoint-1 (18),61
Checkpoint-1 (18),61
Checkpoint-1 (19),61
Checkpoint-1 (18),63
Checkpoint-1 (18),63
Checkpoint-1 (18),63
Checkpoint-1 (18),63
Checkpoint-1 (18),64
Checkpoint-1 (18),64
Checkpoint-1 (18),64
Checkpoint-1 (18),64
Checkpoint-1 (18),64
Checkpoint-1 (18),64
Checkpoint-1 (19),64
Checkpoint-1 (19),60
Checkpoint-1 (19),60
Checkpoint-1 (19),58
Checkpoint-1 (19),57
Checkpoint-1 (19),57
Checkpoint-1 (19),57
Checkpoint-1 (19),57
Checkpoint-1 (20),55
Checkpoint-1 (20),51
Checkpoint-1 (20),43
Checkpoint-1 (20),43
Checkpoint-1 (20),40
Checkpoint-1 (21),40
Checkpoint-1 (20),39
Checkpoint-1 (20),39
Checkpoint-1 (20),39
Checkpoint-1 (20),39
Checkpoint-1 (20),38
Checkpoint-1 (20),38
Checkpoint-1 (20),38
Checkpoint-1 (20),38
Checkpoint-1 (21),34
Checkpoint-1 (21),24
Checkpoint-1 (21),23
Checkpoint-1 (21),21
Checkpoint-1 (21),23
Checkpoint-1 (21),23
Checkpoint-1 (21),23
Checkpoint-1 (21),23
Checkpoint-1 (21),24
Checkpoint-1 (21),24
Checkpoint-1 (21),24
Checkpoint-1 (21),24
Checkpoint-1 (22),25
Checkpoint-1 (22),31
Checkpoint-1 (22),42
Checkpoint-1 (22),42
Checkpoint-1 (22),44
Checkpoint-1 (23),45
Checkpoint-1 (22),45
Checkpoint-1 (22),45
Checkpoint-1 (22),45
Checkpoint-1 (22),45
Checkpoint-1 (23),50
Checkpoint-1 (23),51
Checkpoint-1 (23),51
Checkpoint-1 (24),49
Checkpoint-1 (23),49
Checkpoint-1 (23),48
Checkpoint-1 (23),48
Checkpoint-1 (23),48
Checkpoint-1 (23),48
Checkpoint-1 (24),45
Checkpoint-1 (24),35
Checkpoint-1 (24),35
Checkpoint-1 (25),34
Checkpoint-1 (24),32
Checkpoint-1 (24),31
Checkpoint-1 (24),31
Checkpoint-1 (24),31
Checkpoint-1 (24),31
Checkpoint-1 (24),29
Checkpoint-1 (24),29
Checkpoint-1 (24),29
Checkpoint-1 (25),28
Checkpoint-1 (25),20
Checkpoint-1 (25),21
Checkpoint-1 (25),25
Checkpoint-1 (25),26
Checkpoint-1 (25),26
Checkpoint-1 (25),26
Checkpoint-1 (25),27
Checkpoint-1 (26),28
Checkpoint-1 (26),36
Checkpoint-1 (26),41
Checkpoint-1 (27),41
Checkpoint-1 (26),41
Checkpoint-1 (26),44
Checkpoint-1 (26),44
Checkpoint-1 (26),44
Checkpoint-1 (26),44
Checkpoint-1 (26),44
Checkpoint-1 (27),48
Checkpoint-1 (27),53
Checkpoint-1 (27),53
Checkpoint-1 (28),53
Checkpoint-1 (27),55
Checkpoint-1 (27),56
Checkpoint-1 (27),56
Checkpoint-1 (27),56
Checkpoint-1 (27),56
Checkpoint-1 (28),59
Checkpoint-1 (28),63
Checkpoint-1 (28),63
Checkpoint-1 (29),63
Checkpoint-1 (28),65
Checkpoint-1 (28),65
Checkpoint-1 (28),65
Checkpoint-1 (28),65
Checkpoint-1 (28),65
Checkpoint-1 (29),68
Checkpoint-1 (29),71
Checkpoint-1 (29),71
Checkpoint-1 (30),72
Checkpoint-1 (29),73
Checkpoint-1 (29),73
Checkpoint-1 (29),73
Checkpoint-1 (29),73
Checkpoint-1 (29),73
Checkpoint-1 (30),76
Checkpoint-1 (30),79
Checkpoint-1 (30),79
Checkpoint-1 (31),79
Checkpoint-1 (30),80
Checkpoint-1 (30),81
Checkpoint-1 (30),81
Checkpoint-1 (30),81
Checkpoint-1 (30),81
Checkpoint-1 (31),83
Checkpoint-1 (31),86
Checkpoint-1 (31),86
Checkpoint-1 (32),86
Checkpoint-1 (31),87
Checkpoint-1 (31),87
Checkpoint-1 (31),87
Checkpoint-1 (31),87
Checkpoint-1 (31),87
Checkpoint-1 (32),89
Checkpoint-1 (32),92
Checkpoint-1 (32),92
Checkpoint-1 (33),92
Checkpoint-1 (32),93
Checkpoint-1 (32),94
Checkpoint-1 (32),94
Checkpoint-1 (32),94
Checkpoint-1 (32),94
Checkpoint-1 (33),95
Checkpoint-1 (33),98
Checkpoint-1 (33),98
Checkpoint-1 (34),98
Checkpoint-1 (33),99
Checkpoint-1 (33),99
Checkpoint-1 (33),99
Checkpoint-1 (33),99
Checkpoint-1 (33),99
Checkpoint-1 (34),101
Checkpoint-1 (34),104
Checkpoint-1 (34),104
Checkpoint-1 (35),104
Checkpoint-1 (34),105
Checkpoint-1 (34),105
Checkpoint-1 (34),105
Checkpoint-1 (34),105
Checkpoint-1 (34),105
Checkpoint-1 (35),106
Checkpoint-1 (35),109
Checkpoint-1 (35),109
Checkpoint-1 (36),109
Checkpoint-1 (35),110
Checkpoint-1 (35),110
Checkpoint-1 (35),110
Checkpoint-1 (35),110
Checkpoint-1 (35),110
Checkpoint-1 (36),112
Checkpoint-1 (36),114
Checkpoint-1 (36),114
Checkpoint-1 (37),114
Checkpoint-1 (36),115
Checkpoint-1 (36),115
Checkpoint-1 (36),115
Checkpoint-1 (36),115
Checkpoint-1 (36),115
Checkpoint-1 (37),116
Checkpoint-1 (37),114
Checkpoint-1 (37),114
Checkpoint-1 (38),114
Checkpoint-1 (37),113
Checkpoint-1 (37),113
Checkpoint-1 (37),113
Checkpoint-1 (37),113
Checkpoint-1 (37),113
Checkpoint-1 (38),111
Checkpoint-1 (38),109
Checkpoint-1 (38),109
Checkpoint-1 (39),109
Checkpoint-1 (38),108
Checkpoint-1 (38),107
Checkpoint-1 (38),107
Checkpoint-1 (38),107
Checkpoint-1 (38),107
Checkpoint-1 (39),106
Checkpoint-1 (39),103
Checkpoint-1 (39),103
Checkpoint-1 (40),103
Checkpoint-1 (39),102
Checkpoint-1 (39),102
Checkpoint-1 (39),102
Checkpoint-1 (39),102
Checkpoint-1 (39),102
Checkpoint-1 (40),100
Checkpoint-1 (40),97
Checkpoint-1 (40),97
Checkpoint-1 (41),97
Checkpoint-1 (40),96
Checkpoint-1 (40),95
Checkpoint-1 (40),95
Checkpoint-1 (40),95
Checkpoint-1 (40),95
Checkpoint-1 (41),94
Checkpoint-1 (41),90
Checkpoint-1 (41),90
Checkpoint-1 (42),90
Checkpoint-1 (41),89
Checkpoint-1 (41),89
Checkpoint-1 (41),89
Checkpoint-1 (41),89
Checkpoint-1 (41),89
Checkpoint-1 (42),87
Checkpoint-1 (42),84
Checkpoint-1 (42),83
Checkpoint-1 (43),83
Checkpoint-1 (42),82
Checkpoint-1 (42),82
Checkpoint-1 (42),82
Checkpoint-1 (42),82
Checkpoint-1 (42),82
Checkpoint-1 (43),79
Checkpoint-1 (43),76
Checkpoint-1 (43),76
Checkpoint-1 (44),76
Checkpoint-1 (43),74
Checkpoint-1 (43),74
Checkpoint-1 (43),74
Checkpoint-1 (43),74
Checkpoint-1 (43),74
Checkpoint-1 (44),71
Checkpoint-1 (44),68
Checkpoint-1 (44),68
Checkpoint-1 (45),67
Checkpoint-1 (44),66
Checkpoint-1 (44),65
Checkpoint-1 (44),65
Checkpoint-1 (44),65
Checkpoint-1 (44),65
Checkpoint-1 (45),63
Checkpoint-1 (45),58
Checkpoint-1 (45),58
Checkpoint-1 (46),58
Checkpoint-1 (45),56
Checkpoint-1 (45),55
Checkpoint-1 (45),55
Checkpoint-1 (45),55
Checkpoint-1 (45),55
Checkpoint-1 (45),55
Checkpoint-1 (45),55
Checkpoint-1 (45),55
Checkpoint-1 (46),51
Checkpoint-1 (46),51
Checkpoint-1 (46),51
Checkpoint-1 (46),53
Checkpoint-1 (46),54
Checkpoint-1 (46),54
Checkpoint-1 (46),54
Checkpoint-1 (46),54
Checkpoint-1 (47),57
Checkpoint-1 (47),59
Checkpoint-1 (47),64
Checkpoint-1 (48),64
Checkpoint-1 (47),64
Checkpoint-1 (47),65
Checkpoint-1 (47),66
Checkpoint-1 (47),66
Checkpoint-1 (47),66
Checkpoint-1 (47),66
Checkpoint-1 (47),66
Checkpoint-1 (47),66
Checkpoint-1 (47),66
Checkpoint-1 (47),66
Checkpoint-1 (48),67
Checkpoint-1 (48),62
Checkpoint-1 (48),62
Checkpoint-1 (49),61
Checkpoint-1 (48),60
Checkpoint-1 (48),60
Checkpoint-1 (48),60
Checkpoint-1 (48),59
Checkpoint-1 (48),59
Checkpoint-1 (49),56
Checkpoint-1 (49),50
Checkpoint-1 (49),49
Checkpoint-1 (49),47
Checkpoint-1 (50),47
Checkpoint-1 (49),46
Checkpoint-1 (49),46
Checkpoint-1 (49),46
Checkpoint-1 (49),46
Checkpoint-1 (49),46
Checkpoint-1 (49),46
Checkpoint-1 (49),46
Checkpoint-1 (50),44
Checkpoint-1 (50),48
Checkpoint-1 (50),49
Checkpoint-1 (50),51
Checkpoint-1 (50),51
Checkpoint-1 (50),51
Checkpoint-1 (50),51
Checkpoint-1 (50),51
Checkpoint-1 (51),52
Checkpoint-1 (51),58
Checkpoint-1 (51),53
Checkpoint-1 (51),53
Checkpoint-1 (51),51
Checkpoint-1 (52),51
Checkpoint-1 (51),50
Checkpoint-1 (51),50
Checkpoint-1 (51),50
Checkpoint-1 (51),50
Checkpoint-1 (51),49
Checkpoint-1 (51),49
Checkpoint-1 (52),45
Checkpoint-1 (52),37
Checkpoint-1 (52),37
Checkpoint-1 (52),34
Checkpoint-1 (52),33
Checkpoint-1 (52),33
Checkpoint-1 (52),33
Checkpoint-1 (52),33
Checkpoint-1 (52),32
Checkpoint-1 (52),32
Checkpoint-1 (52),32
Checkpoint-1 (53),29
Checkpoint-1 (53),21
Checkpoint-1 (53),32
Checkpoint-1,32
Checkpoint-1 (53),33
Checkpoint-1 (53),36
Checkpoint-1,36
Checkpoint-1 (53),36
Checkpoint-1 (53),36
Checkpoint-1 (53),36
Checkpoint-1 (53),36
Checkpoint-1,47
Checkpoint-1,47
Checkpoint-1 (1),47
Checkpoint-1,49
Checkpoint-1,50
Checkpoint-1,50
Checkpoint-1,50
Checkpoint-1,50
Checkpoint-1,50
Checkpoint-1,50
Checkpoint-1,50
Checkpoint-1,50
Checkpoint-1,50
Checkpoint-1 (1),50
Checkpoint-1 (1),58
Checkpoint-1 (1),58
Checkpoint-1 (2),58
Checkpoint-1 (1),59
Checkpoint-1 (1),60
Checkpoint-1 (1),60
Checkpoint-1 (1),60
Checkpoint-1 (1),60
Checkpoint-1 (2),61
Checkpoint-1 (2),67
Checkpoint-1 (2),67
Checkpoint-1 (3),67
Checkpoint-1 (2),68
Checkpoint-1 (2),69
Checkpoint-1 (2),69
Checkpoint-1 (2),69
Checkpoint-1 (2),69
Checkpoint-1 (3),70
Checkpoint-1 (3),75
Checkpoint-1 (3),75
Checkpoint-1 (4),75
Checkpoint-1 (4),76
Checkpoint-1 (3),76
Checkpoint-1 (3),76
Checkpoint-1 (3),76
Checkpoint-1 (3),76
Checkpoint-1 (3),76
Checkpoint-1 (4),82
Checkpoint-1 (5),82
Checkpoint-1 (4),82
Checkpoint-1 (4),83
Checkpoint-1 (4),83
Checkpoint-1 (4),83
Checkpoint-1 (4),83
Checkpoint-1 (4),83
Checkpoint-1 (5),85
Checkpoint-1 (5),88
Checkpoint-1 (5),88
Checkpoint-1 (6),88
Checkpoint-1 (5),89
Checkpoint-1 (5),89
Checkpoint-1 (5),89
Checkpoint-1 (5),89
Checkpoint-1 (5),89
Checkpoint-1 (6),93
Checkpoint-1 (6),94
Checkpoint-1 (6),94
Checkpoint-1 (7),94
Checkpoint-1 (6),95
Checkpoint-1 (6),95
Checkpoint-1 (6),95
Checkpoint-1 (6),95
Checkpoint-1 (6),95
Checkpoint-1 (7),97
Checkpoint-1 (7),100
Checkpoint-1 (7),100
Checkpoint-1 (8),100
Checkpoint-1 (7),101
Checkpoint-1 (7),101
Checkpoint-1 (7),101
Checkpoint-1 (7),101
Checkpoint-1 (7),101
Checkpoint-1 (8),103
Checkpoint-1 (8),105
Checkpoint-1 (8),105
Checkpoint-1 (9),105
Checkpoint-1 (8),106
Checkpoint-1 (8),106
Checkpoint-1 (8),106
Checkpoint-1 (8),106
Checkpoint-1 (8),106
Checkpoint-1 (9),109
Checkpoint-1 (9),110
Checkpoint-1 (9),110
Checkpoint-1 (10),110
Checkpoint-1 (9),111
Checkpoint-1 (9),111
Checkpoint-1 (9),111
Checkpoint-1 (9),111
Checkpoint-1 (9),111
Checkpoint-1 (10),114
Checkpoint-1 (10),115
Checkpoint-1 (10),115
Checkpoint-1 (11),115
Checkpoint-1 (10),116
Checkpoint-1 (10),116
Checkpoint-1 (10),116
Checkpoint-1 (10),116
Checkpoint-1 (10),116
Checkpoint-1 (11),118
Checkpoint-1 (11),120
Checkpoint-1 (11),120
Checkpoint-1 (12),120
Checkpoint-1 (11),121
Checkpoint-1 (11),121
Checkpoint-1 (11),121
Checkpoint-1 (11),121
Checkpoint-1 (11),121
Checkpoint-1 (12),123
Checkpoint-1 (12),124
Checkpoint-1 (12),124
Checkpoint-1 (13),125
Checkpoint-1 (12),125
Checkpoint-1 (12),126
Checkpoint-1 (12),126
Checkpoint-1 (12),126
Checkpoint-1 (12),126
Checkpoint-1 (13),127
Checkpoint-1 (13),129
Checkpoint-1 (13),129
Checkpoint-1 (14),129
Checkpoint-1 (13),130
Checkpoint-1 (13),130
Checkpoint-1 (13),130
Checkpoint-1 (13),130
Checkpoint-1 (13),130
Checkpoint-1 (14),128
Checkpoint-1 (14),126
Checkpoint-1 (14),126
Checkpoint-1 (15),126
Checkpoint-1 (14),125
Checkpoint-1 (14),125
Checkpoint-1 (14),125
Checkpoint-1 (14),125
Checkpoint-1 (14),125
Checkpoint-1 (14),125
Checkpoint-1 (14),125
Checkpoint-1 (15),123
Checkpoint-1 (15),121
Checkpoint-1 (15),121
Checkpoint-1 (16),121
Checkpoint-1 (15),120
Checkpoint-1 (15),120
Checkpoint-1 (15),120
Checkpoint-1 (15),120
Checkpoint-1 (15),120
Checkpoint-1 (16),118
Checkpoint-1 (16),116
Checkpoint-1 (16),116
Checkpoint-1 (17),116
Checkpoint-1 (16),115
Checkpoint-1 (16),115
Checkpoint-1 (16),115
Checkpoint-1 (16),115
Checkpoint-1 (16),115
Checkpoint-1 (17),112
Checkpoint-1 (17),111
Checkpoint-1 (17),111
Checkpoint-1 (18),111
Checkpoint-1 (17),110
Checkpoint-1 (17),110
Checkpoint-1 (17),110
Checkpoint-1 (17),110
Checkpoint-1 (17),110
Checkpoint-1 (18),107
Checkpoint-1 (18),105
Checkpoint-1 (18),105
Checkpoint-1 (19),105
Checkpoint-1 (18),104
Checkpoint-1 (18),104
Checkpoint-1 (18),104
Checkpoint-1 (18),104
Checkpoint-1 (18),104
Checkpoint-1 (19),102
Checkpoint-1 (19),99
Checkpoint-1 (19),99
Checkpoint-1 (19),98
Checkpoint-1 (20),97
Checkpoint-1 (19),97
Checkpoint-1 (19),97
Checkpoint-1 (19),97
Checkpoint-1 (19),97
Checkpoint-1 (20),92
Checkpoint-1 (20),85
Checkpoint-1 (20),85
Checkpoint-1 (21),84
Checkpoint-1 (20),83
Checkpoint-1 (20),82
Checkpoint-1 (20),82
Checkpoint-1 (20),82
Checkpoint-1 (20),82
Checkpoint-1 (20),82
Checkpoint-1 (20),82
Checkpoint-1 (20),82
Checkpoint-1 (21),79
Checkpoint-1 (21),73
Checkpoint-1 (21),73
Checkpoint-1 (21),71
Checkpoint-1 (21),71
Checkpoint-1 (21),71
Checkpoint-1 (21),71
Checkpoint-1 (21),71
Checkpoint-1 (21),70
Checkpoint-1 (21),70
Checkpoint-1 (22),70
Checkpoint-1 (22),66
Checkpoint-1 (22),61
Checkpoint-1 (22),61
Checkpoint-1 (22),59
Checkpoint-1 (23),59
Checkpoint-1 (22),58
Checkpoint-1 (22),58
Checkpoint-1 (22),58
Checkpoint-1 (22),58
Checkpoint-1 (23),52
Checkpoint-1 (23),47
Checkpoint-1 (23),47
Checkpoint-1 (24),45
Checkpoint-1 (23),45
Checkpoint-1 (23),44
Checkpoint-1 (23),44
Checkpoint-1 (23),44
Checkpoint-1 (23),44
Checkpoint-1 (24),38
Checkpoint-1 (24),36
Checkpoint-1 (24),36
Checkpoint-1 (25),36
Checkpoint-1 (24),39
Checkpoint-1 (24),39
Checkpoint-1 (24),39
Checkpoint-1 (24),39
Checkpoint-1 (24),40
Checkpoint-1 (24),40
Checkpoint-1 (24),40
Checkpoint-1 (24),40
Checkpoint-1 (25),42
Checkpoint-1 (25),48
Checkpoint-1 (25),48
Checkpoint-1 (25),50
Checkpoint-1 (25),51
Checkpoint-1 (25),51
Checkpoint-1 (25),51
Checkpoint-1 (25),51
Checkpoint-1 (26),51
Checkpoint-1 (26),55
Checkpoint-1 (26),59
Checkpoint-1 (27),59
Checkpoint-1 (26),59
Checkpoint-1 (26),61
Checkpoint-1 (26),61
Checkpoint-1 (26),61
Checkpoint-1 (26),61
Checkpoint-1 (26),61
Checkpoint-1 (27),64
Checkpoint-1 (27),67
Checkpoint-1 (27),67
Checkpoint-1 (28),68
Checkpoint-1 (27),69
Checkpoint-1 (27),69
Checkpoint-1 (27),69
Checkpoint-1 (27),69
Checkpoint-1 (27),69
Checkpoint-1 (28),73
Checkpoint-1 (28),75
Checkpoint-1 (28),75
Checkpoint-1 (29),75
Checkpoint-1 (28),77
Checkpoint-1 (28),77
Checkpoint-1 (28),77
Checkpoint-1 (28),77
Checkpoint-1 (28),77
Checkpoint-1 (28),77
Checkpoint-1 (29),78
Checkpoint-1 (29),82
Checkpoint-1 (29),82
Checkpoint-1 (30),83
Checkpoint-1 (30),83
Checkpoint-1 (29),83
Checkpoint-1 (29),84
Checkpoint-1 (29),84
Checkpoint-1 (29),84
Checkpoint-1 (29),84
Checkpoint-1 (30),88
Checkpoint-1 (30),88
Checkpoint-1 (31),88
Checkpoint-1 (30),89
Checkpoint-1 (30),90
Checkpoint-1 (30),90
Checkpoint-1 (30),90
Checkpoint-1 (30),90
Checkpoint-1 (31),91
Checkpoint-1 (31),94
Checkpoint-1 (31),94
Checkpoint-1 (32),94
Checkpoint-1 (31),95
Checkpoint-1 (31),96
Checkpoint-1 (31),96
Checkpoint-1 (31),96
Checkpoint-1 (31),96
Checkpoint-1 (32),97
Checkpoint-1 (32),100
Checkpoint-1 (32),100
Checkpoint-1 (33),100
Checkpoint-1 (32),99
Checkpoint-1 (32),98
Checkpoint-1 (32),98
Checkpoint-1 (32),98
Checkpoint-1 (32),98
Checkpoint-1 (33),97
Checkpoint-1 (33),93
Checkpoint-1 (34),93
Checkpoint-1 (33),93
Checkpoint-1 (33),92
Checkpoint-1 (33),92
Checkpoint-1 (33),92
Checkpoint-1 (33),92
Checkpoint-1 (33),92
Checkpoint-1 (34),88
Checkpoint-1 (34),87
Checkpoint-1 (34),86
Checkpoint-1 (35),86
Checkpoint-1 (34),85
Checkpoint-1 (34),85
Checkpoint-1 (34),85
Checkpoint-1 (34),85
Checkpoint-1 (34),85
Checkpoint-1 (35),80
Checkpoint-1 (35),79
Checkpoint-1 (36),79
Checkpoint-1 (35),79
Checkpoint-1 (35),78
Checkpoint-1 (35),77
Checkpoint-1 (35),77
Checkpoint-1 (35),77
Checkpoint-1 (35),77
Checkpoint-1 (36),72
Checkpoint-1 (36),71
Checkpoint-1 (36),71
Checkpoint-1 (37),70
Checkpoint-1 (36),69
Checkpoint-1 (36),69
Checkpoint-1 (36),69
Checkpoint-1 (36),69
Checkpoint-1 (36),69
Checkpoint-1 (37),66
Checkpoint-1 (37),61
Checkpoint-1 (37),61
Checkpoint-1 (38),61
Checkpoint-1 (37),60
Checkpoint-1 (37),60
Checkpoint-1 (37),60
Checkpoint-1 (37),60
Checkpoint-1 (37),60
Checkpoint-1 (38),62
Checkpoint-1 (38),67
Checkpoint-1 (38),67
Checkpoint-1 (39),67
Checkpoint-1 (38),68
Checkpoint-1 (38),69
Checkpoint-1 (38),69
Checkpoint-1 (38),69
Checkpoint-1 (38),69
Checkpoint-1 (39),72
Checkpoint-1 (39),75
Checkpoint-1 (39),75
Checkpoint-1 (40),75
Checkpoint-1 (39),76
Checkpoint-1 (39),77
Checkpoint-1 (39),77
Checkpoint-1 (39),77
Checkpoint-1 (39),77
Checkpoint-1 (40),80
Checkpoint-1 (40),82
Checkpoint-1 (40),82
Checkpoint-1 (41),82
Checkpoint-1 (40),83
Checkpoint-1 (40),84
Checkpoint-1 (40),84
Checkpoint-1 (40),84
Checkpoint-1 (40),84
Checkpoint-1 (41),86
Checkpoint-1 (41),88
Checkpoint-1 (41),88
Checkpoint-1 (42),89
Checkpoint-1 (41),89
Checkpoint-1 (41),90
Checkpoint-1 (41),90
Checkpoint-1 (41),90
Checkpoint-1 (41),90
Checkpoint-1 (42),90
Checkpoint-1 (42),90
Checkpoint-1 (42),89
Checkpoint-1 (43),89
Checkpoint-1 (42),88
Checkpoint-1 (42),88
Checkpoint-1 (42),88
Checkpoint-1 (42),88
Checkpoint-1 (42),88
Checkpoint-1 (43),84
Checkpoint-1 (43),82
Checkpoint-1 (43),82
Checkpoint-1 (44),82
Checkpoint-1 (43),81
Checkpoint-1 (43),81
Checkpoint-1 (43),81
Checkpoint-1 (43),81
Checkpoint-1 (43),81
Checkpoint-1 (43),80
Checkpoint-1 (43),80
Checkpoint-1 (43),80
Checkpoint-1 (44),76
Checkpoint-1 (44),74
Checkpoint-1 (44),74
Checkpoint-1 (45),74
Checkpoint-1 (44),73
Checkpoint-1 (44),72
Checkpoint-1 (44),72
Checkpoint-1 (44),72
Checkpoint-1 (44),72
Checkpoint-1 (45),69
Checkpoint-1 (45),66
Checkpoint-1 (45),66
Checkpoint-1 (46),65
Checkpoint-1 (45),64
Checkpoint-1 (45),63
Checkpoint-1 (45),63
Checkpoint-1 (45),63
Checkpoint-1 (45),63
Checkpoint-1 (45),63
Checkpoint-1 (45),63
Checkpoint-1 (45),63
Checkpoint-1 (45),63
Checkpoint-1 (46),62
Checkpoint-1 (46),56
Checkpoint-1 (46),55
Checkpoint-1 (46),53
Checkpoint-1 (46),53
Checkpoint-1 (46),53
Checkpoint-1 (46),53
Checkpoint-1 (46),53
Checkpoint-1 (47),51
Checkpoint-1 (47),45
Checkpoint-1 (47),38
Checkpoint-1 (47),37
Checkpoint-1 (47),34
Checkpoint-1 (48),34
Checkpoint-1 (47),34
Checkpoint-1 (47),34
Checkpoint-1 (47),34
Checkpoint-1 (47),33
Checkpoint-1 (47),33
Checkpoint-1 (48),26
Checkpoint-1 (48),30
Checkpoint-1 (48),31
Checkpoint-1 (49),33
Checkpoint-1 (48),33
Checkpoint-1 (48),34
Checkpoint-1 (48),34
Checkpoint-1 (48),34
Checkpoint-1 (48),34
Checkpoint-1 (48),35
Checkpoint-1 (48),35
Checkpoint-1 (48),35
Checkpoint-1 (49),42
Checkpoint-1 (49),47
Checkpoint-1 (49),47
Checkpoint-1 (49),49
Checkpoint-1 (50),49
Checkpoint-1 (49),49
Checkpoint-1 (49),50
Checkpoint-1 (49),50
Checkpoint-1 (49),50
Checkpoint-1 (50),55
Checkpoint-1 (50),60
Checkpoint-1 (50),60
Checkpoint-1 (50),61
Checkpoint-1 (50),61
Checkpoint-1 (50),61
Checkpoint-1 (50),61
Checkpoint-1 (50),61
Checkpoint-1 (50),61
Checkpoint-1 (50),61
Checkpoint-1 (50),61
Checkpoint-1 (50),61
Checkpoint-1 (50),61
Checkpoint-1 (51),61
Checkpoint-1 (51),56
Checkpoint-1 (51),50
Checkpoint-1 (51),50
Checkpoint-1 (52),48
Checkpoint-1 (51),47
Checkpoint-1 (51),47
Checkpoint-1 (51),47
Checkpoint-1 (51),47
Checkpoint-1 (51),47
Checkpoint-1 (51),46
Checkpoint-1 (51),46
Checkpoint-1 (51),46
Checkpoint-1 (52),43
Checkpoint-1 (52),35
Checkpoint-1 (52),34
Checkpoint-1 (52),31
Checkpoint-1 (52),30
Checkpoint-1 (52),30
Checkpoint-1 (52),30
Checkpoint-1 (52),30
Checkpoint-1 (52),29
Checkpoint-1 (52),29
Checkpoint-1 (53),24
Checkpoint-1 (53),31
Checkpoint-1 (53),36
Checkpoint-1,36
Checkpoint-1 (53),37
Checkpoint-1 (53),39
Checkpoint-1 (53),40
Checkpoint-1 (53),40
Checkpoint-1 (53),40
Checkpoint-1 (53),40
Checkpoint-1,42
Checkpoint-1 (1),49
Checkpoint-1,49
Checkpoint-1,50
Checkpoint-1,52
Checkpoint-1,52
Checkpoint-1,52
Checkpoint-1,52
Checkpoint-1,52
Checkpoint-1,53
Checkpoint-1,53
Checkpoint-1,53
Checkpoint-1,53
Checkpoint-1 (1),55
Checkpoint-1 (1),60
Checkpoint-1 (2),60
Checkpoint-1 (1),60
Checkpoint-1 (1),62
Checkpoint-1 (1),62
Checkpoint-1 (1),62
Checkpoint-1 (1),62
Checkpoint-1 (1),62
Checkpoint-1 (2),64
Checkpoint-1 (2),69
Checkpoint-1 (3),69
Checkpoint-1 (2),69
Checkpoint-1 (2),70
Checkpoint-1 (2),71
Checkpoint-1 (2),71
Checkpoint-1 (2),71
Checkpoint-1 (2),71
Checkpoint-1 (3),71
Checkpoint-1 (3),76
Checkpoint-1 (4),76
Checkpoint-1 (3),76
Checkpoint-1 (3),78
Checkpoint-1 (3),78
Checkpoint-1 (3),78
Checkpoint-1 (3),78
Checkpoint-1 (3),78
Checkpoint-1 (4),78
Checkpoint-1 (4),83
Checkpoint-1 (5),84
Checkpoint-1 (4),84
Checkpoint-1 (4),85
Checkpoint-1 (4),85
Checkpoint-1 (4),85
Checkpoint-1 (4),85
Checkpoint-1 (4),85
Checkpoint-1 (5),85
Checkpoint-1 (5),90
Checkpoint-1 (6),90
Checkpoint-1 (5),90
Checkpoint-1 (5),91
Checkpoint-1 (5),91
Checkpoint-1 (5),91
Checkpoint-1 (5),91
Checkpoint-1 (5),91
Checkpoint-1 (6),93
Checkpoint-1 (6),96
Checkpoint-1 (6),96
Checkpoint-1 (7),96
Checkpoint-1 (6),97
Checkpoint-1 (6),97
Checkpoint-1 (6),97
Checkpoint-1 (6),97
Checkpoint-1 (6),97
Checkpoint-1 (7),98
Checkpoint-1 (7),102
Checkpoint-1 (8),102
Checkpoint-1 (7),102
Checkpoint-1 (7),103
Checkpoint-1 (7),103
Checkpoint-1 (7),103
Checkpoint-1 (7),103
Checkpoint-1 (7),103
Checkpoint-1 (8),104
Checkpoint-1 (9),107
Checkpoint-1 (8),107
Checkpoint-1 (8),107
Checkpoint-1 (8),108
Checkpoint-1 (8),108
Checkpoint-1 (8),108
Checkpoint-1 (8),108
Checkpoint-1 (8),108
Checkpoint-1 (9),109
Checkpoint-1 (9),106
Checkpoint-1 (10),106
Checkpoint-1 (9),106
Checkpoint-1 (9),105
Checkpoint-1 (9),104
Checkpoint-1 (9),104
Checkpoint-1 (9),104
Checkpoint-1 (9),104
Checkpoint-1 (10),103
Checkpoint-1 (11),100
Checkpoint-1 (10),100
Checkpoint-1 (10),100
Checkpoint-1 (10),99
Checkpoint-1 (10),98
Checkpoint-1 (10),98
Checkpoint-1 (10),98
Checkpoint-1 (10),98
Checkpoint-1 (11),97
Checkpoint-1 (11),94
Checkpoint-1 (12),94
Checkpoint-1 (11),94
Checkpoint-1 (11),93
Checkpoint-1 (11),92
Checkpoint-1 (11),92
Checkpoint-1 (11),92
Checkpoint-1 (11),92
Checkpoint-1 (12),91
Checkpoint-1 (12),87
Checkpoint-1 (13),87
Checkpoint-1 (12),87
Checkpoint-1 (12),86
Checkpoint-1 (12),85
Checkpoint-1 (12),85
Checkpoint-1 (12),85
Checkpoint-1 (12),85
Checkpoint-1 (13),84
Checkpoint-1 (14),80
Checkpoint-1 (13),80
Checkpoint-1 (13),80
Checkpoint-1 (13),78
Checkpoint-1 (13),78
Checkpoint-1 (13),78
Checkpoint-1 (13),78
Checkpoint-1 (13),78
Checkpoint-1 (14),76
Checkpoint-1 (14),72
Checkpoint-1 (15),72
Checkpoint-1 (14),72
Checkpoint-1 (14),70
Checkpoint-1 (14),70
Checkpoint-1 (14),70
Checkpoint-1 (14),70
Checkpoint-1 (14),70
Checkpoint-1 (14),71
Checkpoint-1 (15),73
Checkpoint-1 (15),76
Checkpoint-1 (16),76
Checkpoint-1 (15),76
Checkpoint-1 (15),78
Checkpoint-1 (15),78
Checkpoint-1 (15),78
Checkpoint-1 (15),78
Checkpoint-1 (15),78
Checkpoint-1 (16),80
Checkpoint-1 (16),83
Checkpoint-1 (17),83
Checkpoint-1 (16),83
Checkpoint-1 (16),85
Checkpoint-1 (16),85
Checkpoint-1 (16),85
Checkpoint-1 (16),85
Checkpoint-1 (16),85
Checkpoint-1 (17),85
Checkpoint-1 (17),82
Checkpoint-1 (17),82
Checkpoint-1 (18),82
Checkpoint-1 (17),80
Checkpoint-1 (17),80
Checkpoint-1 (17),80
Checkpoint-1 (17),80
Checkpoint-1 (17),80
Checkpoint-1 (18),76
Checkpoint-1 (18),74
Checkpoint-1 (19),74
Checkpoint-1 (18),74
Checkpoint-1 (18),72
Checkpoint-1 (18),72
Checkpoint-1 (18),72
Checkpoint-1 (18),72
Checkpoint-1 (18),72
Checkpoint-1 (19),69
Checkpoint-1 (19),65
Checkpoint-1 (19),65
Checkpoint-1 (19),63
Checkpoint-1 (20),63
Checkpoint-1 (19),63
Checkpoint-1 (19),63
Checkpoint-1 (19),63
Checkpoint-1 (19),63
Checkpoint-1 (20),55
Checkpoint-1 (20),50
Checkpoint-1 (20),50
Checkpoint-1 (21),47
Checkpoint-1 (20),47
Checkpoint-1 (20),46
Checkpoint-1 (20),46
Checkpoint-1 (20),46
Checkpoint-1 (20),46
Checkpoint-1 (20),46
Checkpoint-1 (20),46
Checkpoint-1 (20),46
Checkpoint-1 (21),42
Checkpoint-1 (21),47
Checkpoint-1 (21),48
Checkpoint-1 (21),49
Checkpoint-1 (21),50
Checkpoint-1 (21),50
Checkpoint-1 (21),50
Checkpoint-1 (21),50
Checkpoint-1 (22),51
Checkpoint-1 (22),58
Checkpoint-1 (22),61
Checkpoint-1 (22),61
Checkpoint-1 (22),63
Checkpoint-1 (23),63
Checkpoint-1 (22),63
Checkpoint-1 (22),63
Checkpoint-1 (22),63
Checkpoint-1 (22),63
Checkpoint-1 (23),67
Checkpoint-1 (23),71
Checkpoint-1 (23),71
Checkpoint-1 (24),73
Checkpoint-1 (23),73
Checkpoint-1 (23),73
Checkpoint-1 (23),73
Checkpoint-1 (23),73
Checkpoint-1 (23),73
Checkpoint-1 (24),75
Checkpoint-1 (25),72
Checkpoint-1 (24),70
Checkpoint-1 (24),70
Checkpoint-1 (24),69
Checkpoint-1 (24),68
Checkpoint-1 (24),68
Checkpoint-1 (24),68
Checkpoint-1 (24),68
Checkpoint-1 (24),68
Checkpoint-1 (24),68
Checkpoint-1 (24),68
Checkpoint-1 (25),67
Checkpoint-1 (25),62
Checkpoint-1 (25),61
Checkpoint-1 (25),59
Checkpoint-1 (25),58
Checkpoint-1 (25),58
Checkpoint-1 (25),58
Checkpoint-1 (25),58
Checkpoint-1 (26),58
Checkpoint-1 (26),51
Checkpoint-1 (26),47
Checkpoint-1 (27),47
Checkpoint-1 (26),46
Checkpoint-1 (26),44
Checkpoint-1 (26),43
Checkpoint-1 (26),43
Checkpoint-1 (26),43
Checkpoint-1 (26),43
Checkpoint-1 (27),42
Checkpoint-1 (27),49
Checkpoint-1 (27),49
Checkpoint-1 (28),51
Checkpoint-1 (27),51
Checkpoint-1 (27),52
Checkpoint-1 (27),52
Checkpoint-1 (27),52
Checkpoint-1 (27),52
Checkpoint-1 (28),52
Checkpoint-1 (28),53
Checkpoint-1 (28),60
Checkpoint-1 (29),60
Checkpoint-1 (28),60
Checkpoint-1 (28),61
Checkpoint-1 (28),62
Checkpoint-1 (28),62
Checkpoint-1 (28),62
Checkpoint-1 (28),62
Checkpoint-1 (29),63
Checkpoint-1 (29),68
Checkpoint-1 (30),68
Checkpoint-1 (29),68
Checkpoint-1 (29),70
Checkpoint-1 (29),70
Checkpoint-1 (29),70
Checkpoint-1 (29),70
Checkpoint-1 (29),70
Checkpoint-1 (30),73
Checkpoint-1 (30),76
Checkpoint-1 (30),76
Checkpoint-1 (31),76
Checkpoint-1 (30),77
Checkpoint-1 (30),78
Checkpoint-1 (30),78
Checkpoint-1 (30),78
Checkpoint-1 (30),78
Checkpoint-1 (31),79
Checkpoint-1 (31),83
Checkpoint-1 (31),83
Checkpoint-1 (32),83
Checkpoint-1 (31),84
Checkpoint-1 (31),85
Checkpoint-1 (31),85
Checkpoint-1 (31),85
Checkpoint-1 (31),85
Checkpoint-1 (32),87
Checkpoint-1 (32),89
Checkpoint-1 (32),89
Checkpoint-1 (33),90
Checkpoint-1 (32),91
Checkpoint-1 (32),91
Checkpoint-1 (32),91
Checkpoint-1 (32),91
Checkpoint-1 (32),91
Checkpoint-1 (33),92
Checkpoint-1 (33),95
Checkpoint-1 (33),96
Checkpoint-1 (34),96
Checkpoint-1 (33),97
Checkpoint-1 (33),97
Checkpoint-1 (33),97
Checkpoint-1 (33),97
Checkpoint-1 (33),97
Checkpoint-1 (34),98
Checkpoint-1 (34),101
Checkpoint-1 (34),101
Checkpoint-1 (35),101
Checkpoint-1 (34),102
Checkpoint-1 (34),103
Checkpoint-1 (34),103
Checkpoint-1 (34),103
Checkpoint-1 (34),103
Checkpoint-1 (35),103
Checkpoint-1 (35),106
Checkpoint-1 (36),106
Checkpoint-1 (35),106
Checkpoint-1 (35),107
Checkpoint-1 (35),107
Checkpoint-1 (35),107
Checkpoint-1 (35),107
Checkpoint-1 (35),107
Checkpoint-1 (36),109
Checkpoint-1 (36),110
Checkpoint-1 (36),110
Checkpoint-1 (37),110
Checkpoint-1 (36),111
Checkpoint-1 (36),111
Checkpoint-1 (36),111
Checkpoint-1 (36),111
Checkpoint-1 (36),111
Checkpoint-1 (37),112
Checkpoint-1 (37),115
Checkpoint-1 (37),115
Checkpoint-1 (38),115
Checkpoint-1 (37),116
Checkpoint-1 (37),116
Checkpoint-1 (37),116
Checkpoint-1 (37),116
Checkpoint-1 (37),116
Checkpoint-1 (37),116
Checkpoint-1 (37),116
Checkpoint-1 (37),116
Checkpoint-1 (37),116
Checkpoint-1 (38),117
Checkpoint-1 (38),119
Checkpoint-1 (38),119
Checkpoint-1 (39),119
Checkpoint-1 (38),120
Checkpoint-1 (38),121
Checkpoint-1 (38),121
Checkpoint-1 (38),121
Checkpoint-1 (38),121
Checkpoint-1 (39),122
Checkpoint-1 (39),124
Checkpoint-1 (39),124
Checkpoint-1 (40),124
Checkpoint-1 (39),125
Checkpoint-1 (39),125
Checkpoint-1 (39),125
Checkpoint-1 (39),125
Checkpoint-1 (39),125
Checkpoint-1 (40),126
Checkpoint-1 (40),126
Checkpoint-1 (41),126
Checkpoint-1 (40),126
Checkpoint-1 (40),126
Checkpoint-1 (40),125
Checkpoint-1 (40),125
Checkpoint-1 (40),125
Checkpoint-1 (40),125
Checkpoint-1 (41),123
Checkpoint-1 (41),121
Checkpoint-1 (42),121
Checkpoint-1 (41),121
Checkpoint-1 (41),121
Checkpoint-1 (41),120
Checkpoint-1 (41),120
Checkpoint-1 (41),120
Checkpoint-1 (41),120
Checkpoint-1 (42),118
Checkpoint-1 (42),116
Checkpoint-1 (42),116
Checkpoint-1 (43),116
Checkpoint-1 (42),115
Checkpoint-1 (42),115
Checkpoint-1 (42),115
Checkpoint-1 (42),115
Checkpoint-1 (42),115
Checkpoint-1 (43),112
Checkpoint-1 (43),111
Checkpoint-1 (43),111
Checkpoint-1 (44),111
Checkpoint-1 (43),110
Checkpoint-1 (43),110
Checkpoint-1 (43),110
Checkpoint-1 (43),110
Checkpoint-1 (43),110
Checkpoint-1 (44),107
Checkpoint-1 (44),105
Checkpoint-1 (44),105
Checkpoint-1 (45),105
Checkpoint-1 (44),104
Checkpoint-1 (44),104
Checkpoint-1 (44),104
Checkpoint-1 (44),104
Checkpoint-1 (44),104
Checkpoint-1 (45),101
Checkpoint-1 (45),99
Checkpoint-1 (45),99
Checkpoint-1 (46),99
Checkpoint-1 (45),98
Checkpoint-1 (45),98
Checkpoint-1 (45),98
Checkpoint-1 (45),98
Checkpoint-1 (45),98
Checkpoint-1 (46),96
Checkpoint-1 (46),93
Checkpoint-1 (46),93
Checkpoint-1 (46),91
Checkpoint-1 (46),91
Checkpoint-1 (46),91
Checkpoint-1 (46),91
Checkpoint-1 (46),91
Checkpoint-1 (47),90
Checkpoint-1 (47),86
Checkpoint-1 (48),83
Checkpoint-1 (47),82
Checkpoint-1 (47),81
Checkpoint-1 (47),81
Checkpoint-1 (47),79
Checkpoint-1 (47),79
Checkpoint-1 (47),79
Checkpoint-1 (47),79
Checkpoint-1 (47),79
Checkpoint-1 (47),79
Checkpoint-1 (47),79
Checkpoint-1 (47),79
Checkpoint-1 (48),70
Checkpoint-1 (48),69
Checkpoint-1 (48),67
Checkpoint-1 (49),66
Checkpoint-1 (48),65
Checkpoint-1 (48),64
Checkpoint-1 (48),64
Checkpoint-1 (48),64
Checkpoint-1 (48),64
Checkpoint-1 (48),63
Checkpoint-1 (49),59
Checkpoint-1 (49),53
Checkpoint-1 (49),53
Checkpoint-1 (49),51
Checkpoint-1 (49),50
Checkpoint-1 (49),50
Checkpoint-1 (49),50
Checkpoint-1 (49),50
Checkpoint-1 (50),50
Checkpoint-1 (50),46
Checkpoint-1 (50),42
Checkpoint-1 (50),42
Checkpoint-1 (50),45
Checkpoint-1 (50),45
Checkpoint-1 (50),45
Checkpoint-1 (50),45
Checkpoint-1 (50),45
Checkpoint-1 (50),46
Checkpoint-1 (50),46
Checkpoint-1 (50),46
Checkpoint-1 (51),46
Checkpoint-1 (51),53
Checkpoint-1 (51),53
Checkpoint-1 (51),53
Checkpoint-1 (52),52
Checkpoint-1 (51),50
Checkpoint-1 (51),49
Checkpoint-1 (51),49
Checkpoint-1 (51),49
Checkpoint-1 (51),49
Checkpoint-1 (52),43
Checkpoint-1 (52),38
Checkpoint-1 (52),37
Checkpoint-1 (52),35
Checkpoint-1 (52),34
Checkpoint-1 (52),34
Checkpoint-1 (52),34
Checkpoint-1 (52),34
Checkpoint-1 (52),33
Checkpoint-1 (52),33
Checkpoint-1 (53),30
Checkpoint-1 (53),38
Checkpoint-1 (53),42
Checkpoint-1,42
Checkpoint-1 (53),42
Checkpoint-1 (53),45
Checkpoint-1 (53),45
Checkpoint-1 (53),45
Checkpoint-1 (53),45
Checkpoint-1 (53),45
